id,first_name,last_name,email,gender
1,Ban,Ruf,bruf0@photobucket.com,Male
2,Dagny,House,dhouse1@blinklist.com,Male
3,Angelita,Bellham,abellham2@imageshack.us,Female
4,Osgood,Goddard,ogoddard3@macromedia.com,Male
5,Davida,Crankhorn,dcrankhorn4@instagram.com,Female
6,Antone,Seston,aseston5@cisco.com,Male
7,Natala,Golda,ngolda6@addthis.com,Female
8,Hartwell,Cumbes,hcumbes7@telegraph.co.uk,Male
9,Hewitt,McKirton,hmckirton8@digg.com,Male
10,Linoel,Triner,ltriner9@bloomberg.com,Male
11,Sinclair,Kleinpeltz,skleinpeltza@bravesites.com,Male
12,Aprilette,Rubert,arubertb@hostgator.com,Female
13,Davis,Bradburne,dbradburnec@aol.com,Male
14,Viviene,Di Maria,vdimariad@cbc.ca,Female
15,Valera,Woolatt,vwoolatte@networksolutions.com,Female
16,Dorise,Winger,dwingerf@domainmarket.com,Female
17,Mara,Durnford,mdurnfordg@alexa.com,Female
18,Kory,Geely,kgeelyh@home.pl,Male
19,Morgen,Karet,mkareti@un.org,Female
20,Virgie,MacNaughton,vmacnaughtonj@mediafire.com,Female
21,Lind,Yukhtin,lyukhtink@europa.eu,Male
22,Tonia,Hedon,thedonl@technorati.com,Female
23,Ermin,Oughtright,eoughtrightm@bloglovin.com,Male
24,Abramo,Darnbrook,adarnbrookn@woothemes.com,Male
25,Coreen,Rubinovitsch,crubinovitscho@skype.com,Female
26,Robby,Deem,rdeemp@google.co.uk,Male
27,Chris,Cordes,ccordesq@toplist.cz,Male
28,Modesta,Basden,mbasdenr@unesco.org,Genderqueer
29,Joshia,Ranvoise,jranvoises@tumblr.com,Male
30,Charmaine,Kirkhouse,ckirkhouset@aol.com,Female
31,Edwina,Huller,ehulleru@who.int,Female
32,Wit,Goshawk,wgoshawkv@hud.gov,Male
33,Teressa,Cardwell,tcardwellw@macromedia.com,Female
34,Gertrudis,Tellenbach,gtellenbachx@livejournal.com,Female
35,Helli,Heal,hhealy@walmart.com,Female
36,Elsinore,Killeen,ekilleenz@psu.edu,Genderfluid
37,Steffi,Sangster,ssangster10@nasa.gov,Agender
38,Jakob,Runnicles,jrunnicles11@sciencedaily.com,Male
39,Vanda,Ingray,vingray12@bloglines.com,Female
40,Gene,Chetwind,gchetwind13@jigsy.com,Female
41,Phineas,Steade,psteade14@de.vu,Male
42,Laurella,Novotna,lnovotna15@sakura.ne.jp,Non-binary
43,Dannie,Nutley,dnutley16@tumblr.com,Male
44,Hestia,Bizzey,hbizzey17@trellian.com,Female
45,Bert,Wince,bwince18@chron.com,Female
46,Anson,Garlant,agarlant19@jigsy.com,Non-binary
47,Cosmo,Greene,cgreene1a@e-recht24.de,Agender
48,Brittne,Paiton,bpaiton1b@skype.com,Female
49,Pierre,Colenutt,pcolenutt1c@angelfire.com,Male
50,Gillian,Maclaine,gmaclaine1d@japanpost.jp,Female
51,Vilma,Matys,vmatys1e@ihg.com,Female
52,Jard,Jickells,jjickells1f@alexa.com,Male
53,Mozes,Frango,mfrango1g@sciencedirect.com,Male
54,Sibeal,Bullard,sbullard1h@phpbb.com,Female
55,Bess,O' Cloney,bocloney1i@wsj.com,Female
56,Donaugh,Blazej,dblazej1j@europa.eu,Male
57,Emmalynne,Quinsee,equinsee1k@quantcast.com,Female
58,Boris,Hessle,bhessle1l@apache.org,Bigender
59,Joseito,Innett,jinnett1m@cam.ac.uk,Male
60,Andrey,McLay,amclay1n@live.com,Male
61,Hersh,Tweedell,htweedell1o@aboutads.info,Male
62,Griffie,Clynter,gclynter1p@dropbox.com,Male
63,Thekla,Breed,tbreed1q@google.de,Female
64,Heall,Wrightim,hwrightim1r@bbc.co.uk,Male
65,Clerc,McComas,cmccomas1s@ft.com,Male
66,Gert,Arrault,garrault1t@sciencedirect.com,Female
67,Jareb,Rex,jrex1u@yellowbook.com,Male
68,Constanta,Moorman,cmoorman1v@t-online.de,Female
69,Ashbey,Rushmare,arushmare1w@tripadvisor.com,Male
70,Esme,Haycroft,ehaycroft1x@multiply.com,Female
71,Vale,Buy,vbuy1y@mapquest.com,Female
72,Lynelle,Bentz,lbentz1z@list-manage.com,Female
73,Ewart,Henzley,ehenzley20@live.com,Polygender
74,Iseabal,Greenwood,igreenwood21@apache.org,Female
75,Karlie,Allom,kallom22@woothemes.com,Female
76,Masha,Parades,mparades23@cbslocal.com,Female
77,Ingmar,Nicely,inicely24@icq.com,Male
78,Guthrie,Persence,gpersence25@mapy.cz,Male
79,Andrea,Parrin,aparrin26@msn.com,Female
80,Garwood,McKim,gmckim27@fda.gov,Male
81,Ira,Giannasi,igiannasi28@storify.com,Polygender
82,Dewain,Marquet,dmarquet29@netscape.com,Male
83,Lexi,Doodson,ldoodson2a@telegraph.co.uk,Genderqueer
84,Hort,Geeritz,hgeeritz2b@harvard.edu,Genderfluid
85,Banky,Menlove,bmenlove2c@weebly.com,Male
86,Errol,Tudor,etudor2d@xrea.com,Male
87,Ruthy,Shapira,rshapira2e@intel.com,Female
88,Betta,Realff,brealff2f@fda.gov,Female
89,Hamnet,De Beauchamp,hdebeauchamp2g@clickbank.net,Male
90,Opaline,Gotthard,ogotthard2h@comsenz.com,Female
91,Mariejeanne,Caveney,mcaveney2i@tiny.cc,Female
92,Elissa,Badrick,ebadrick2j@ftc.gov,Female
93,Fawnia,Germann,fgermann2k@archive.org,Female
94,Greg,Cassel,gcassel2l@histats.com,Male
95,Danita,McAw,dmcaw2m@prweb.com,Female
96,Fraze,Buxey,fbuxey2n@google.it,Male
97,Nahum,Breede,nbreede2o@hud.gov,Male
98,Cicily,Jacson,cjacson2p@fastcompany.com,Non-binary
99,Ninon,Livings,nlivings2q@purevolume.com,Female
100,Gabi,Noddle,gnoddle2r@addthis.com,Female
101,Lincoln,Facer,lfacer2s@marriott.com,Male
102,Nicolea,Pecht,npecht2t@zimbio.com,Female
103,Shaun,Philipsson,sphilipsson2u@bbb.org,Male
104,Jerrie,Tinman,jtinman2v@earthlink.net,Male
105,Noam,Jowling,njowling2w@yahoo.com,Male
106,Nicolette,Barltrop,nbarltrop2x@statcounter.com,Female
107,Tedie,Tillman,ttillman2y@imgur.com,Male
108,Oswell,Booty,obooty2z@oakley.com,Male
109,Butch,Bulman,bbulman30@newyorker.com,Male
110,Flor,Poynton,fpoynton31@indiatimes.com,Female
111,Saunder,Bogges,sbogges32@thetimes.co.uk,Male
112,Chantalle,Hawton,chawton33@sourceforge.net,Female
113,Nolana,Redpath,nredpath34@goodreads.com,Female
114,Jaymee,Rocco,jrocco35@cloudflare.com,Female
115,Whittaker,Garwill,wgarwill36@wikispaces.com,Male
116,Aundrea,Embery,aembery37@t-online.de,Female
117,Ted,Coulthurst,tcoulthurst38@army.mil,Male
118,Timoteo,Orring,torring39@wikipedia.org,Non-binary
119,Renaldo,Frantzen,rfrantzen3a@prweb.com,Male
120,Corena,Thomkins,cthomkins3b@columbia.edu,Female
121,Jarib,Casaccia,jcasaccia3c@bandcamp.com,Male
122,Michell,Crawford,mcrawford3d@de.vu,Female
123,Mervin,Studeart,mstudeart3e@dmoz.org,Male
124,Fredek,Berzon,fberzon3f@senate.gov,Genderqueer
125,Zorana,Sotworth,zsotworth3g@cbc.ca,Genderfluid
126,Ashley,Nucator,anucator3h@issuu.com,Male
127,Alli,Lakenton,alakenton3i@princeton.edu,Female
128,Curtis,Macvain,cmacvain3j@wisc.edu,Male
129,Nerti,Alenov,nalenov3k@constantcontact.com,Female
130,Camala,Lorant,clorant3l@wikispaces.com,Female
131,Farlay,Benley,fbenley3m@scientificamerican.com,Polygender
132,Kirbie,Juggings,kjuggings3n@patch.com,Female
133,Deina,Jindra,djindra3o@twitter.com,Female
134,Johannah,Hartup,jhartup3p@discuz.net,Agender
135,Niels,MacAfee,nmacafee3q@ameblo.jp,Male
136,Odille,Ughini,oughini3r@cnbc.com,Female
137,Jeanette,Wanek,jwanek3s@tuttocitta.it,Female
138,Chrissie,Goodbar,cgoodbar3t@mysql.com,Male
139,Fabiano,Kirkwood,fkirkwood3u@zimbio.com,Male
140,Aura,Schimann,aschimann3v@xinhuanet.com,Female
141,Latia,Flory,lflory3w@hud.gov,Female
142,Alexandra,Whitton,awhitton3x@weather.com,Female
143,Major,Rollinson,mrollinson3y@hao123.com,Bigender
144,Amie,Rubega,arubega3z@epa.gov,Agender
145,Lind,Burgett,lburgett40@i2i.jp,Male
146,Ruddie,Moffet,rmoffet41@zimbio.com,Male
147,Dominick,Scramage,dscramage42@g.co,Male
148,Giovanna,Scramage,gscramage43@blogspot.com,Female
149,Maryellen,Caulkett,mcaulkett44@prweb.com,Female
150,Dame,Craxford,dcraxford45@biglobe.ne.jp,Male
151,Osgood,Sleit,osleit46@tinyurl.com,Male
152,Chelsea,Episcopi,cepiscopi47@ucoz.com,Female
153,Yancy,Grigoriscu,ygrigoriscu48@oakley.com,Male
154,Konrad,Beynkn,kbeynkn49@canalblog.com,Male
155,Gerri,Bramhill,gbramhill4a@usatoday.com,Female
156,Myrah,Andrzejewski,mandrzejewski4b@businessinsider.com,Female
157,Madelle,Duval,mduval4c@seesaa.net,Female
158,Sheree,Cage,scage4d@usa.gov,Agender
159,Wilbert,Albery,walbery4e@so-net.ne.jp,Male
160,Junie,Laurie,jlaurie4f@creativecommons.org,Female
161,Ingar,Rowlett,irowlett4g@nhs.uk,Male
162,Franni,McGaughie,fmcgaughie4h@devhub.com,Female
163,Lynette,Buckner,lbuckner4i@w3.org,Female
164,Taber,Klicher,tklicher4j@blogspot.com,Male
165,Mendel,De Bruin,mdebruin4k@acquirethisname.com,Male
166,Maybelle,Perris,mperris4l@jimdo.com,Female
167,Lovell,Alexandrescu,lalexandrescu4m@tinyurl.com,Male
168,Kevon,Grahlmans,kgrahlmans4n@intel.com,Male
169,Tedie,Lehrer,tlehrer4o@mozilla.org,Male
170,Sisile,Ratlee,sratlee4p@cnet.com,Female
171,Delcina,Dury,ddury4q@ed.gov,Female
172,Germain,Guillon,gguillon4r@woothemes.com,Male
173,Alair,Licari,alicari4s@nasa.gov,Male
174,Ardene,Curragh,acurragh4t@php.net,Female
175,Ricard,Chittim,rchittim4u@independent.co.uk,Male
176,Kleon,Izakoff,kizakoff4v@illinois.edu,Male
177,Kliment,Mowle,kmowle4w@360.cn,Male
178,Bennie,Bisset,bbisset4x@youtube.com,Female
179,Lorna,Londors,llondors4y@whitehouse.gov,Genderqueer
180,Duffie,Lindner,dlindner4z@amazonaws.com,Male
181,Tam,Salamon,tsalamon50@usatoday.com,Male
182,Charis,Rushmere,crushmere51@youtube.com,Genderqueer
183,Davide,Dorman,ddorman52@usnews.com,Male
184,Anstice,Lawford,alawford53@marketwatch.com,Female
185,Denver,Devonald,ddevonald54@howstuffworks.com,Male
186,Clarissa,Jennings,cjennings55@si.edu,Female
187,Mandy,Acres,macres56@google.es,Female
188,Elvyn,Bowhey,ebowhey57@senate.gov,Agender
189,Alanna,Jinks,ajinks58@google.cn,Female
190,Sterling,Tweedy,stweedy59@imdb.com,Male
191,Eduardo,Woollcott,ewoollcott5a@tamu.edu,Genderqueer
192,Marysa,Hegel,mhegel5b@umich.edu,Female
193,Sallyann,Hurworth,shurworth5c@slate.com,Female
194,Kile,Farnan,kfarnan5d@networkadvertising.org,Male
195,Wilmer,Dowrey,wdowrey5e@ihg.com,Male
196,Poul,Blaschke,pblaschke5f@taobao.com,Bigender
197,Fidela,Jakeway,fjakeway5g@un.org,Female
198,Hendrik,Gery,hgery5h@yellowbook.com,Male
199,Sunny,Perri,sperri5i@taobao.com,Male
200,Mallory,Scattergood,mscattergood5j@businesswire.com,Agender
201,Sigismund,Safhill,ssafhill5k@geocities.com,Male
202,Amalea,Busk,abusk5l@baidu.com,Bigender
203,Dalton,Pryer,dpryer5m@ftc.gov,Male
204,Kassey,Thirst,kthirst5n@slideshare.net,Female
205,Hammad,Schneidau,hschneidau5o@eventbrite.com,Genderfluid
206,Findley,Rontree,frontree5p@tinyurl.com,Male
207,Kory,Goldsberry,kgoldsberry5q@chron.com,Male
208,Burgess,Moorcroft,bmoorcroft5r@scribd.com,Male
209,Bernadina,Lovell,blovell5s@answers.com,Female
210,Natale,Averall,naverall5t@smh.com.au,Male
211,Ilario,Westhoff,iwesthoff5u@nih.gov,Male
212,Lauren,Cleal,lcleal5v@usatoday.com,Male
213,Tadd,Crollman,tcrollman5w@cmu.edu,Male
214,Granny,Huckstepp,ghuckstepp5x@freewebs.com,Male
215,Ram,Abbots,rabbots5y@delicious.com,Male
216,Celestine,Janout,cjanout5z@nature.com,Female
217,Antonietta,Coggin,acoggin60@dion.ne.jp,Female
218,Garnette,Iashvili,giashvili61@ow.ly,Female
219,Ella,Broxholme,ebroxholme62@dell.com,Female
220,Francisco,De'Ath,fdeath63@paypal.com,Male
221,Estel,Isakson,eisakson64@mail.ru,Genderfluid
222,Sarene,Summergill,ssummergill65@tiny.cc,Bigender
223,Broddie,Casserley,bcasserley66@hatena.ne.jp,Male
224,Cassandry,Hewertson,chewertson67@wiley.com,Female
225,Verena,Hutable,vhutable68@epa.gov,Female
226,Raynell,Colpus,rcolpus69@github.io,Female
227,Alphonso,Cartwright,acartwright6a@linkedin.com,Male
228,Marcy,McCoole,mmccoole6b@si.edu,Female
229,Nadiya,Stephen,nstephen6c@indiatimes.com,Female
230,Gib,Tison,gtison6d@apache.org,Male
231,Mona,Stallon,mstallon6e@omniture.com,Female
232,Leyla,Kaasman,lkaasman6f@go.com,Female
233,Gusty,Grivori,ggrivori6g@youku.com,Female
234,Jonah,Goodfield,jgoodfield6h@icio.us,Male
235,Layton,Hellwig,lhellwig6i@pen.io,Male
236,Karisa,Harwood,kharwood6j@ovh.net,Female
237,Eryn,Eseler,eeseler6k@purevolume.com,Female
238,Judd,MacDuff,jmacduff6l@hibu.com,Male
239,Cleve,Besson,cbesson6m@g.co,Male
240,Pieter,Cattrall,pcattrall6n@vinaora.com,Male
241,Dena,Trays,dtrays6o@loc.gov,Female
242,Beatrice,O'Dulchonta,bodulchonta6p@meetup.com,Female
243,Ceil,Kensall,ckensall6q@businessweek.com,Female
244,Fania,Bengtsson,fbengtsson6r@simplemachines.org,Female
245,Cristionna,Devennie,cdevennie6s@squarespace.com,Female
246,Almeta,Cosley,acosley6t@globo.com,Female
247,Dido,McCloy,dmccloy6u@hatena.ne.jp,Female
248,Hildagard,Cottage,hcottage6v@cbslocal.com,Female
249,Farah,Sappell,fsappell6w@sohu.com,Genderqueer
250,Jacenta,Volcker,jvolcker6x@people.com.cn,Female
251,Omar,Luckett,oluckett6y@pinterest.com,Male
252,Isadore,Jiru,ijiru6z@google.com.br,Male
253,Quinn,Firk,qfirk70@4shared.com,Male
254,Franciskus,Havvock,fhavvock71@usatoday.com,Male
255,Ad,Lambertz,alambertz72@theglobeandmail.com,Male
256,Batholomew,Haslegrave,bhaslegrave73@mozilla.org,Male
257,Naoma,Rainger,nrainger74@51.la,Female
258,Claiborn,Kaman,ckaman75@sakura.ne.jp,Male
259,Cory,Daintree,cdaintree76@nhs.uk,Male
260,Caroline,Trusty,ctrusty77@ca.gov,Female
261,Waring,Dudgeon,wdudgeon78@narod.ru,Male
262,Deirdre,Weiss,dweiss79@yandex.ru,Female
263,Erick,Durn,edurn7a@phpbb.com,Male
264,Zeke,Cristofaro,zcristofaro7b@unicef.org,Male
265,Laurel,Rivelin,lrivelin7c@utexas.edu,Female
266,De witt,Feathersby,dfeathersby7d@answers.com,Male
267,Gerardo,Collicott,gcollicott7e@sciencedaily.com,Male
268,Dmitri,Trorey,dtrorey7f@ed.gov,Genderqueer
269,Giselbert,Hanfrey,ghanfrey7g@cdc.gov,Male
270,Brigida,Lucy,blucy7h@facebook.com,Female
271,Layney,Cheetham,lcheetham7i@house.gov,Female
272,Avis,Whitman,awhitman7j@godaddy.com,Female
273,Nels,Letchford,nletchford7k@yellowbook.com,Male
274,Nicolea,Asker,nasker7l@homestead.com,Female
275,Daveen,Gissop,dgissop7m@discuz.net,Female
276,Merry,Maffy,mmaffy7n@ycombinator.com,Male
277,Alfons,Le Friec,alefriec7o@wix.com,Male
278,Gail,Dohrmann,gdohrmann7p@fc2.com,Male
279,Vilhelmina,Dodle,vdodle7q@bbb.org,Female
280,Lora,Matthieson,lmatthieson7r@privacy.gov.au,Female
281,Nady,Pollicote,npollicote7s@ft.com,Agender
282,Jillana,Arnaudon,jarnaudon7t@plala.or.jp,Agender
283,Claudell,Plows,cplows7u@latimes.com,Male
284,Lizette,Wrintmore,lwrintmore7v@ed.gov,Female
285,Mahalia,Nickell,mnickell7w@xinhuanet.com,Female
286,Sergent,Roke,sroke7x@hugedomains.com,Male
287,Bronson,Lingfoot,blingfoot7y@epa.gov,Male
288,Doralynn,Rosendall,drosendall7z@fc2.com,Female
289,Phedra,Coy,pcoy80@sbwire.com,Female
290,Osmond,Vautre,ovautre81@epa.gov,Male
291,Tobin,Itzhayek,titzhayek82@wp.com,Male
292,Thatcher,Hintze,thintze83@aol.com,Male
293,Rani,Justham,rjustham84@omniture.com,Female
294,Alec,Steggals,asteggals85@sbwire.com,Male
295,Brade,Christley,bchristley86@comcast.net,Male
296,Emilio,Gunny,egunny87@cafepress.com,Male
297,Gino,Stut,gstut88@nba.com,Male
298,Kendricks,Brellin,kbrellin89@comsenz.com,Male
299,Moll,Robelow,mrobelow8a@mlb.com,Female
300,Delinda,Treadgall,dtreadgall8b@odnoklassniki.ru,Female
301,Major,Emnoney,memnoney8c@globo.com,Male
302,Joleen,Dri,jdri8d@merriam-webster.com,Female
303,Yolanda,Clemot,yclemot8e@ebay.co.uk,Female
304,Karoly,Brokenbrow,kbrokenbrow8f@goo.ne.jp,Male
305,Kacie,Preskett,kpreskett8g@clickbank.net,Female
306,Emlynn,de Grey,edegrey8h@tripod.com,Non-binary
307,Marla,Thackwray,mthackwray8i@apple.com,Female
308,Tymothy,Itchingham,titchingham8j@weebly.com,Male
309,Danita,Kirdsch,dkirdsch8k@123-reg.co.uk,Female
310,Devy,Matisse,dmatisse8l@utexas.edu,Male
311,Merissa,Siveter,msiveter8m@csmonitor.com,Female
312,Joycelin,Haill,jhaill8n@mit.edu,Female
313,Bonita,Arrighetti,barrighetti8o@senate.gov,Female
314,Devon,Tweedie,dtweedie8p@flickr.com,Female
315,Aimee,Beacroft,abeacroft8q@sina.com.cn,Female
316,Harv,Waker,hwaker8r@wufoo.com,Male
317,Haroun,Hurlston,hhurlston8s@behance.net,Male
318,Emyle,Ollerton,eollerton8t@nymag.com,Female
319,Teodor,Hulstrom,thulstrom8u@bluehost.com,Male
320,Catriona,Petkens,cpetkens8v@wired.com,Female
321,Cherilyn,Brandel,cbrandel8w@xrea.com,Female
322,Jereme,Heims,jheims8x@ehow.com,Genderqueer
323,Gunar,Knolles-Green,gknollesgreen8y@t.co,Male
324,Lindy,Shakelade,lshakelade8z@wunderground.com,Polygender
325,Kelbee,Carney,kcarney90@bizjournals.com,Male
326,Mic,Symon,msymon91@tamu.edu,Male
327,Cornelia,Turrell,cturrell92@reverbnation.com,Female
328,Ileane,Thurlow,ithurlow93@goo.gl,Female
329,Jacqueline,Grassot,jgrassot94@icq.com,Female
330,Humfried,Barcke,hbarcke95@rambler.ru,Male
331,Sidonnie,Pailin,spailin96@imageshack.us,Female
332,Jocko,Edmondson,jedmondson97@prlog.org,Male
333,Sara-ann,Cuttle,scuttle98@jalbum.net,Female
334,Iormina,Manville,imanville99@bloglines.com,Female
335,Mitch,Bilsland,mbilsland9a@blogspot.com,Male
336,Kaylil,Eronie,keronie9b@weibo.com,Polygender
337,Christalle,Grier,cgrier9c@nature.com,Female
338,Cecilla,Vanyushin,cvanyushin9d@cornell.edu,Female
339,Spencer,Deftie,sdeftie9e@theatlantic.com,Male
340,Hakim,Haverty,hhaverty9f@dmoz.org,Male
341,Rasia,Freezer,rfreezer9g@biglobe.ne.jp,Female
342,Reynold,McGarel,rmcgarel9h@yahoo.com,Male
343,Anatollo,Woodgate,awoodgate9i@nhs.uk,Male
344,Arty,Zotto,azotto9j@webs.com,Male
345,Barnaby,Cerie,bcerie9k@xrea.com,Male
346,Curt,Easlea,ceaslea9l@artisteer.com,Male
347,Germaine,Mattussevich,gmattussevich9m@uol.com.br,Male
348,Town,Deathridge,tdeathridge9n@merriam-webster.com,Male
349,Brocky,Weatherhead,bweatherhead9o@shareasale.com,Male
350,Patty,Colborn,pcolborn9p@hostgator.com,Male
351,Leoline,Dumingos,ldumingos9q@vistaprint.com,Female
352,Truman,Mellem,tmellem9r@forbes.com,Male
353,Dene,Zanioletti,dzanioletti9s@ox.ac.uk,Male
354,Scotty,Longthorn,slongthorn9t@youtu.be,Male
355,Meier,Acedo,macedo9u@deviantart.com,Male
356,Arlin,Razoux,arazoux9v@free.fr,Polygender
357,Skip,Pecey,specey9w@instagram.com,Male
358,Eunice,Gaythorpe,egaythorpe9x@google.nl,Female
359,Jervis,Sirett,jsirett9y@comsenz.com,Male
360,Antonetta,Warrilow,awarrilow9z@msu.edu,Female
361,Doralia,Kendrick,dkendricka0@instagram.com,Bigender
362,Rutherford,Hailwood,rhailwooda1@usgs.gov,Male
363,Colas,Padden,cpaddena2@biblegateway.com,Male
364,Dalt,Le Strange,dlestrangea3@harvard.edu,Male
365,Kikelia,Huffy,khuffya4@marketwatch.com,Female
366,Desdemona,Border,dbordera5@telegraph.co.uk,Female
367,Jeremias,Martindale,jmartindalea6@goo.ne.jp,Male
368,Perkin,Gibson,pgibsona7@list-manage.com,Male
369,Leonid,Konrad,lkonrada8@spiegel.de,Male
370,Geoffry,Burroughes,gburroughesa9@cdbaby.com,Male
371,Dalila,Brogan,dbroganaa@nba.com,Female
372,Petr,Pearse,ppearseab@stumbleupon.com,Male
373,Carney,Henrot,chenrotac@wisc.edu,Male
374,Hyatt,Inkster,hinksterad@usnews.com,Male
375,Sigmund,Hansemann,shansemannae@netscape.com,Genderqueer
376,Amber,Willox,awilloxaf@narod.ru,Genderfluid
377,Aldus,McElrea,amcelreaag@de.vu,Male
378,Avram,Kief,akiefah@prlog.org,Male
379,Adelaide,Pitchers,apitchersai@chron.com,Female
380,Tracie,Tee,tteeaj@cnbc.com,Male
381,Markos,Gwatkin,mgwatkinak@123-reg.co.uk,Male
382,Saidee,Prise,spriseal@usda.gov,Female
383,Danila,Beaudry,dbeaudryam@bandcamp.com,Female
384,Ben,Adkins,badkinsan@phoca.cz,Male
385,Deeann,Maharry,dmaharryao@shareasale.com,Polygender
386,Jeannine,Sanchiz,jsanchizap@blogspot.com,Female
387,Les,Hadcock,lhadcockaq@fema.gov,Male
388,Ly,Pickerin,lpickerinar@ft.com,Male
389,Kristo,Naughton,knaughtonas@netvibes.com,Male
390,Jonas,Seamen,jseamenat@github.io,Male
391,Ynes,Passe,ypasseau@cisco.com,Female
392,Marianne,Fleg,mflegav@usnews.com,Female
393,Trix,Gwatkin,tgwatkinaw@behance.net,Female
394,Shaun,Biss,sbissax@chicagotribune.com,Female
395,Jabez,Bullingham,jbullinghamay@mit.edu,Male
396,Myrna,Wetherhead,mwetherheadaz@xing.com,Female
397,Callie,Bootton,cboottonb0@cpanel.net,Female
398,Angel,Abthorpe,aabthorpeb1@wufoo.com,Female
399,Albie,Gravatt,agravattb2@army.mil,Male
400,Thekla,Whillock,twhillockb3@163.com,Female
401,Marietta,Messer,mmesserb4@patch.com,Female
402,Melodie,Kolakovic,mkolakovicb5@uol.com.br,Female
403,Rosalinda,Larkings,rlarkingsb6@constantcontact.com,Female
404,Andrea,Sinnocke,asinnockeb7@apache.org,Female
405,Munmro,Craythorn,mcraythornb8@lycos.com,Male
406,Leighton,Percifull,lpercifullb9@arizona.edu,Agender
407,Ernesta,Owttrim,eowttrimba@geocities.jp,Female
408,Xenia,Mordon,xmordonbb@mapy.cz,Female
409,Dorella,Ammer,dammerbc@oaic.gov.au,Female
410,Sanson,Aslin,saslinbd@huffingtonpost.com,Male
411,Agosto,Everleigh,aeverleighbe@ow.ly,Male
412,Ursala,Kenlin,ukenlinbf@wix.com,Female
413,Chelsea,Rylance,crylancebg@washington.edu,Female
414,Zaccaria,Behan,zbehanbh@pagesperso-orange.fr,Male
415,Brad,Foldes,bfoldesbi@devhub.com,Male
416,Gill,Lugsdin,glugsdinbj@spiegel.de,Female
417,Dredi,Summerton,dsummertonbk@latimes.com,Female
418,Bartlet,Bosher,bbosherbl@quantcast.com,Male
419,Ted,Daingerfield,tdaingerfieldbm@loc.gov,Male
420,Brear,Ramsbottom,bramsbottombn@sbwire.com,Female
421,Sloane,Saggers,ssaggersbo@cdbaby.com,Male
422,Tito,Ingall,tingallbp@meetup.com,Male
423,Nilson,Oakeshott,noakeshottbq@furl.net,Male
424,Fonz,Sleight,fsleightbr@xrea.com,Male
425,Vonny,Grunbaum,vgrunbaumbs@mediafire.com,Female
426,Adara,Slyman,aslymanbt@jimdo.com,Female
427,Monica,Arsnell,marsnellbu@netlog.com,Female
428,Taddeo,Blackman,tblackmanbv@discuz.net,Male
429,Nataniel,Mendonca,nmendoncabw@apache.org,Male
430,Vanda,Bavidge,vbavidgebx@unc.edu,Female
431,Millicent,Radclyffe,mradclyffeby@ifeng.com,Female
432,Janetta,Hauxwell,jhauxwellbz@e-recht24.de,Female
433,Roscoe,Chmiel,rchmielc0@whitehouse.gov,Male
434,Liva,Doge,ldogec1@gmpg.org,Female
435,Belicia,Fegan,bfeganc2@issuu.com,Female
436,Amory,Gores,agoresc3@shareasale.com,Male
437,Jaime,Wanklyn,jwanklync4@tiny.cc,Agender
438,Erskine,Janowski,ejanowskic5@woothemes.com,Male
439,Jaclyn,Verson,jversonc6@latimes.com,Female
440,Sky,Gauson,sgausonc7@tuttocitta.it,Male
441,Bernardo,Skyrme,bskyrmec8@technorati.com,Male
442,Jacki,Simco,jsimcoc9@whitehouse.gov,Female
443,Tudor,Ledford,tledfordca@delicious.com,Agender
444,Demetre,Nother,dnothercb@clickbank.net,Genderqueer
445,Florida,Pladen,fpladencc@t.co,Female
446,Donielle,Cettell,dcettellcd@wix.com,Bigender
447,Colene,Shortan,cshortance@house.gov,Female
448,Cameron,Fickling,cficklingcf@samsung.com,Male
449,Pattin,Coy,pcoycg@vinaora.com,Male
450,Tillie,Hards,thardsch@examiner.com,Female
451,Fredra,Licari,flicarici@xinhuanet.com,Non-binary
452,Vinson,Runnacles,vrunnaclescj@slideshare.net,Genderqueer
453,Roselle,Bourdas,rbourdasck@ezinearticles.com,Female
454,Karlen,Hayden,khaydencl@redcross.org,Female
455,Markos,Woller,mwollercm@baidu.com,Male
456,Hillier,Kimbell,hkimbellcn@geocities.jp,Male
457,Trudy,Esley,tesleyco@shareasale.com,Female
458,Skelly,Tattersill,stattersillcp@omniture.com,Male
459,Rikki,Carnier,rcarniercq@arizona.edu,Male
460,Wittie,Shellcross,wshellcrosscr@freewebs.com,Male
461,Elvyn,Cavaney,ecavaneycs@seesaa.net,Male
462,Pinchas,Bolte,pboltect@businesswire.com,Male
463,Virgilio,Grosvener,vgrosvenercu@youku.com,Male
464,Skippie,Jubb,sjubbcv@artisteer.com,Non-binary
465,Brnaba,Dolden,bdoldencw@spiegel.de,Male
466,Antonio,Naisbet,anaisbetcx@slideshare.net,Male
467,Othilia,Petrozzi,opetrozzicy@buzzfeed.com,Female
468,Douglas,Harman,dharmancz@tinypic.com,Male
469,Zorana,Killbey,zkillbeyd0@cloudflare.com,Female
470,Sheila-kathryn,Gettens,sgettensd1@nba.com,Female
471,Galven,Limeburner,glimeburnerd2@guardian.co.uk,Male
472,Alexis,O'Neill,aoneilld3@house.gov,Female
473,Bibbye,Schruurs,bschruursd4@cam.ac.uk,Female
474,Worthy,Nowell,wnowelld5@example.com,Male
475,Earvin,Jurczik,ejurczikd6@rakuten.co.jp,Male
476,Anallise,Hodgin,ahodgind7@sohu.com,Female
477,Nil,Kristoffersson,nkristofferssond8@tmall.com,Male
478,Gino,Stigers,gstigersd9@hc360.com,Male
479,Sherlock,Zealey,szealeyda@e-recht24.de,Male
480,Warren,Motten,wmottendb@stumbleupon.com,Male
481,Muffin,Staterfield,mstaterfielddc@wikia.com,Male
482,Malissia,Cramb,mcrambdd@mtv.com,Female
483,Inesita,Ezzell,iezzellde@bluehost.com,Female
484,Devi,Fritschmann,dfritschmanndf@home.pl,Female
485,Elvin,Alejo,ealejodg@imgur.com,Male
486,Welsh,Westcott,wwestcottdh@narod.ru,Male
487,Dalis,Grisley,dgrisleydi@hhs.gov,Male
488,Ag,Witsey,awitseydj@microsoft.com,Female
489,Justinn,Bonniface,jbonnifacedk@zimbio.com,Female
490,Kristian,Grutchfield,kgrutchfielddl@google.fr,Male
491,Hersch,Stanmore,hstanmoredm@go.com,Male
492,Ailina,Macek,amacekdn@netlog.com,Female
493,Shaun,Codman,scodmando@e-recht24.de,Female
494,Boigie,Christofe,bchristofedp@usatoday.com,Male
495,Ebenezer,Faucherand,efaucheranddq@geocities.jp,Male
496,Dalt,Wrixon,dwrixondr@addtoany.com,Male
497,Connor,Giorgioni,cgiorgionids@netlog.com,Male
498,Jeri,Servante,jservantedt@sogou.com,Female
499,Jaclyn,Martinyuk,jmartinyukdu@hc360.com,Agender
500,Carol-jean,Hegg,cheggdv@soundcloud.com,Female
501,Hussein,Stentiford,hstentiforddw@geocities.jp,Male
502,Catie,Landers,clandersdx@sbwire.com,Female
503,Filberto,Summersett,fsummersettdy@go.com,Male
504,Gabbie,Whitlaw,gwhitlawdz@craigslist.org,Agender
505,Mikel,De Giorgi,mdegiorgie0@tripadvisor.com,Male
506,Dayna,Tarn,dtarne1@dropbox.com,Female
507,Chloe,Brotherick,cbrothericke2@telegraph.co.uk,Female
508,Berkeley,Mossbee,bmossbeee3@youtu.be,Male
509,Pate,Alpine,palpinee4@nymag.com,Male
510,Casey,Winborn,cwinborne5@upenn.edu,Female
511,Bondy,Misselbrook,bmisselbrooke6@auda.org.au,Male
512,Marcellus,Langhorn,mlanghorne7@blogger.com,Male
513,Gallagher,Gunnell,ggunnelle8@1und1.de,Male
514,Tarrance,Tidey,ttideye9@storify.com,Male
515,Zorine,Tranckle,ztranckleea@nydailynews.com,Female
516,Letti,Leipoldt,lleipoldteb@spiegel.de,Female
517,Carena,Coffee,ccoffeeec@vk.com,Female
518,Hana,Hincham,hhinchamed@diigo.com,Female
519,Thibaud,Meryett,tmeryettee@ehow.com,Male
520,Nanny,Caton,ncatonef@tripadvisor.com,Female
521,Gordan,Fairnie,gfairnieeg@cdc.gov,Male
522,Cheslie,Graeme,cgraemeeh@last.fm,Female
523,Carolan,Corson,ccorsonei@hugedomains.com,Female
524,Konstantin,Bowdery,kbowderyej@cbsnews.com,Male
525,Hanny,Struss,hstrussek@umn.edu,Female
526,Reeba,Bothwell,rbothwellel@imgur.com,Female
527,Leesa,Luddy,lluddyem@army.mil,Female
528,Fayth,Mellanby,fmellanbyen@diigo.com,Female
529,Horatius,Labrone,hlabroneeo@typepad.com,Male
530,Roy,Eagleton,reagletonep@amazon.co.uk,Male
531,Lorin,Askew,laskeweq@mtv.com,Male
532,Boony,Cominello,bcominelloer@techcrunch.com,Male
533,Clement,Toke,ctokees@reference.com,Polygender
534,Karlik,Barnhart,kbarnhartet@artisteer.com,Male
535,Sollie,Smardon,ssmardoneu@fc2.com,Male
536,Carmelia,Woolcocks,cwoolcocksev@hexun.com,Female
537,Otis,Dunstone,odunstoneew@hao123.com,Male
538,Pate,Corkitt,pcorkittex@deviantart.com,Male
539,Nadiya,Softley,nsoftleyey@wordpress.com,Female
540,Lillis,Hemphrey,lhemphreyez@tinyurl.com,Female
541,Cyrillus,Dyne,cdynef0@webmd.com,Male
542,Nico,Lindsay,nlindsayf1@google.com.au,Male
543,Frankie,Steggals,fsteggalsf2@chronoengine.com,Female
544,Ivie,Reinmar,ireinmarf3@topsy.com,Agender
545,Sherm,Lukesch,slukeschf4@bing.com,Male
546,Connie,Kinneally,ckinneallyf5@technorati.com,Male
547,Karim,Licciardello,klicciardellof6@issuu.com,Male
548,Lyle,Cookley,lcookleyf7@fotki.com,Male
549,Marje,Bogace,mbogacef8@mac.com,Female
550,Vanya,Pervew,vpervewf9@wufoo.com,Female
551,Port,Perillo,pperillofa@baidu.com,Male
552,Malory,Carayol,mcarayolfb@google.com,Female
553,Fairfax,Lumley,flumleyfc@jimdo.com,Male
554,Raffaello,Jacmar,rjacmarfd@bizjournals.com,Male
555,Rowan,Januszkiewicz,rjanuszkiewiczfe@fc2.com,Male
556,Whitby,Gurr,wgurrff@flavors.me,Male
557,Lu,Goad,lgoadfg@pen.io,Female
558,Vittoria,Blacksland,vblackslandfh@wikispaces.com,Polygender
559,Wittie,Rimell,wrimellfi@themeforest.net,Male
560,Kory,Veschambes,kveschambesfj@icq.com,Male
561,Stavros,Cobbing,scobbingfk@sogou.com,Male
562,Ermanno,Lea,eleafl@hud.gov,Male
563,Francesco,Ledgerton,fledgertonfm@reuters.com,Male
564,Clemmie,Soppett,csoppettfn@google.com.br,Male
565,Catharina,Macek,cmacekfo@php.net,Female
566,Dosi,Lumb,dlumbfp@canalblog.com,Female
567,Natalina,Ballinger,nballingerfq@networkadvertising.org,Female
568,Frederigo,Harsant,fharsantfr@free.fr,Male
569,Chastity,Searles,csearlesfs@webeden.co.uk,Female
570,Antonie,Maier,amaierft@yellowpages.com,Female
571,Dyana,Mundford,dmundfordfu@apple.com,Female
572,Emelina,Oade,eoadefv@qq.com,Female
573,Brooks,Oxenford,boxenfordfw@umich.edu,Male
574,Ebony,Fulleylove,efulleylovefx@ucsd.edu,Female
575,Babbette,Lippett,blippettfy@dmoz.org,Non-binary
576,Kalina,Gladstone,kgladstonefz@yelp.com,Female
577,Brendis,Moylan,bmoylang0@digg.com,Male
578,Kennedy,Treadgear,ktreadgearg1@wunderground.com,Male
579,Sloan,Largent,slargentg2@merriam-webster.com,Male
580,Thaxter,Kilmary,tkilmaryg3@cornell.edu,Male
581,Ethelda,D'Oyly,edoylyg4@stanford.edu,Genderfluid
582,Delores,Menure,dmenureg5@php.net,Female
583,Myra,Salmon,msalmong6@blinklist.com,Female
584,Sunny,Meeson,smeesong7@msn.com,Bigender
585,Adorne,Castillo,acastillog8@1und1.de,Female
586,Elisabeth,Lomansey,elomanseyg9@joomla.org,Agender
587,Grissel,Wickrath,gwickrathga@sina.com.cn,Female
588,Jedediah,Auchinleck,jauchinleckgb@g.co,Male
589,Janeczka,Clare,jclaregc@china.com.cn,Female
590,Sib,Shemmin,sshemmingd@opera.com,Female
591,Genevieve,Genicke,ggenickege@nih.gov,Female
592,Lind,Ohanessian,lohanessiangf@youtube.com,Female
593,Therese,Sinderland,tsinderlandgg@usa.gov,Female
594,Jonis,Linde,jlindegh@diigo.com,Female
595,Gerta,Leibold,gleiboldgi@posterous.com,Female
596,Rollo,Hurdle,rhurdlegj@slate.com,Male
597,Jerri,Stark,jstarkgk@soundcloud.com,Male
598,Mallory,Gergely,mgergelygl@free.fr,Male
599,Theadora,Nary,tnarygm@usnews.com,Female
600,Myrvyn,Scolding,mscoldinggn@infoseek.co.jp,Male
601,Ardisj,Golder,agoldergo@amazonaws.com,Female
602,Glyn,Meeland,gmeelandgp@geocities.jp,Male
603,Lem,Cassella,lcassellagq@dmoz.org,Male
604,Murial,Twidale,mtwidalegr@imdb.com,Female
605,Livvyy,Helliker,lhellikergs@google.fr,Female
606,Torey,Scopham,tscophamgt@ted.com,Non-binary
607,Dulcia,Kruschov,dkruschovgu@hubpages.com,Female
608,Chrissy,Hufton,chuftongv@squarespace.com,Female
609,Tine,Drei,tdreigw@weather.com,Non-binary
610,Elonore,Allport,eallportgx@jalbum.net,Female
611,Eydie,Grogor,egrogorgy@deliciousdays.com,Polygender
612,Aguie,Verdon,averdongz@cisco.com,Male
613,Ambrosio,Lisett,alisetth0@bluehost.com,Male
614,Gretta,Gartenfeld,ggartenfeldh1@chicagotribune.com,Female
615,Curtis,Warratt,cwarratth2@i2i.jp,Male
616,Jaclyn,Carbery,jcarberyh3@princeton.edu,Female
617,Wendell,Trahearn,wtrahearnh4@nba.com,Male
618,Consuela,Meriel,cmerielh5@scientificamerican.com,Female
619,Beverie,Antoszewski,bantoszewskih6@senate.gov,Female
620,Udale,Furzey,ufurzeyh7@mozilla.com,Male
621,Leanora,Abelevitz,labelevitzh8@deliciousdays.com,Female
622,Ivie,Lewknor,ilewknorh9@cbc.ca,Female
623,Nicolis,Maggill'Andreis,nmaggillandreisha@hibu.com,Male
624,Verina,Panchen,vpanchenhb@desdev.cn,Female
625,Gottfried,Scudders,gscuddershc@senate.gov,Male
626,Christiano,Gillbe,cgillbehd@economist.com,Male
627,Theobald,Coppock.,tcoppockhe@google.com.br,Male
628,Shaine,Wivell,swivellhf@google.de,Male
629,Effie,Beardsell,ebeardsellhg@state.gov,Female
630,Keane,Nettleship,knettleshiphh@eepurl.com,Male
631,Vally,Day,vdayhi@yellowpages.com,Female
632,Emmit,Bointon,ebointonhj@squidoo.com,Male
633,Chev,Leber,cleberhk@wufoo.com,Male
634,Roseline,Huntington,rhuntingtonhl@devhub.com,Female
635,Ellery,Vaux,evauxhm@yahoo.co.jp,Male
636,Rozelle,Arnaudi,rarnaudihn@opensource.org,Female
637,Northrop,Kadar,nkadarho@purevolume.com,Male
638,Shayne,Bhar,sbharhp@bravesites.com,Female
639,Thoma,Meir,tmeirhq@virginia.edu,Male
640,Ardra,Cottem,acottemhr@wiley.com,Agender
641,Way,Ambridge,wambridgehs@meetup.com,Male
642,Margaretta,Lawrance,mlawranceht@last.fm,Female
643,Hilliard,Sutherel,hsutherelhu@paginegialle.it,Male
644,Rip,Hulburd,rhulburdhv@hubpages.com,Male
645,Tobie,Lenox,tlenoxhw@sun.com,Male
646,Phillip,Darth,pdarthhx@acquirethisname.com,Male
647,Helyn,Legh,hleghhy@telegraph.co.uk,Non-binary
648,Corny,Whitwam,cwhitwamhz@about.me,Female
649,Christian,Poleye,cpoleyei0@symantec.com,Male
650,Derek,Ludy,dludyi1@slate.com,Male
651,Emmaline,Thickins,ethickinsi2@reverbnation.com,Female
652,Burl,Shawe,bshawei3@mail.ru,Male
653,Broderick,Conneely,bconneelyi4@state.tx.us,Male
654,Berry,Ficken,bfickeni5@intel.com,Female
655,Mora,Pogue,mpoguei6@dedecms.com,Female
656,Irvin,Heck,ihecki7@irs.gov,Genderfluid
657,Reinald,Branni,rbrannii8@deviantart.com,Male
658,Maje,Aspinal,maspinali9@nymag.com,Male
659,Koressa,Schreiner,kschreineria@pen.io,Female
660,Claude,Kirtlan,ckirtlanib@sina.com.cn,Genderqueer
661,Alain,Trineman,atrinemanic@fotki.com,Male
662,Ida,Geraudy,igeraudyid@meetup.com,Female
663,Frasquito,Loade,floadeie@cdc.gov,Male
664,Trescha,Caudell,tcaudellif@cmu.edu,Female
665,Alexi,Troughton,atroughtonig@wufoo.com,Female
666,Hymie,Mathie,hmathieih@meetup.com,Male
667,Jeramey,Truss,jtrussii@pen.io,Agender
668,Donnell,Paumier,dpaumierij@aol.com,Male
669,Essy,Leversha,elevershaik@geocities.jp,Female
670,Norry,Fraczek,nfraczekil@upenn.edu,Male
671,Devlen,Cantillion,dcantillionim@patch.com,Male
672,Sheena,MacTerlagh,smacterlaghin@jigsy.com,Female
673,Giordano,Geffinger,ggeffingerio@dell.com,Male
674,Amandy,Farrah,afarrahip@miitbeian.gov.cn,Female
675,Gabriel,Ranfield,granfieldiq@dion.ne.jp,Male
676,Theressa,Jersch,tjerschir@multiply.com,Female
677,Garrott,Weins,gweinsis@wsj.com,Male
678,Brandise,Pitrasso,bpitrassoit@discovery.com,Female
679,Sidoney,Francecione,sfrancecioneiu@free.fr,Female
680,Chrysa,Pillman,cpillmaniv@independent.co.uk,Female
681,Crystie,Brikner,cbrikneriw@cyberchimps.com,Female
682,Bette-ann,Rentoul,brentoulix@bloomberg.com,Female
683,Rafael,Thurgood,rthurgoodiy@tinyurl.com,Male
684,Jonell,Moyse,jmoyseiz@yellowpages.com,Female
685,Harrison,Godrich,hgodrichj0@netscape.com,Male
686,Farleigh,Danielski,fdanielskij1@hud.gov,Male
687,Nowell,Foard,nfoardj2@blinklist.com,Male
688,Reynard,Arnholdt,rarnholdtj3@wikipedia.org,Male
689,Bard,Le Port,bleportj4@hostgator.com,Male
690,Ericka,Belward,ebelwardj5@shop-pro.jp,Female
691,Masha,Birtle,mbirtlej6@about.com,Female
692,Hadrian,Sterre,hsterrej7@tmall.com,Male
693,Robinett,Degoix,rdegoixj8@mtv.com,Non-binary
694,Gareth,Cumming,gcummingj9@nymag.com,Bigender
695,Wylma,Tompkins,wtompkinsja@nbcnews.com,Female
696,Skylar,Fochs,sfochsjb@themeforest.net,Male
697,Joannes,Crack,jcrackjc@infoseek.co.jp,Female
698,Jess,Andrassy,jandrassyjd@1688.com,Female
699,Jeannine,Valentetti,jvalentettije@domainmarket.com,Female
700,Devon,Suckling,dsucklingjf@surveymonkey.com,Genderfluid
701,Kristofor,Blevin,kblevinjg@ustream.tv,Male
702,Kally,Waddoups,kwaddoupsjh@is.gd,Female
703,Merrili,McCarty,mmccartyji@nature.com,Female
704,Devondra,Windebank,dwindebankjj@adobe.com,Female
705,Concordia,Reinard,creinardjk@pagesperso-orange.fr,Female
706,Kattie,Towey,ktoweyjl@jiathis.com,Female
707,Karrah,Borley,kborleyjm@intel.com,Polygender
708,Ray,Ugo,rugojn@github.com,Female
709,Karl,Darnbrook,kdarnbrookjo@wired.com,Male
710,Robert,Mullinger,rmullingerjp@ebay.co.uk,Male
711,Araldo,Webben,awebbenjq@wix.com,Male
712,Camilla,Cominotti,ccominottijr@paginegialle.it,Female
713,Tedmund,Lowing,tlowingjs@bbc.co.uk,Genderqueer
714,Catrina,Zorn,czornjt@smugmug.com,Female
715,Lloyd,Surgison,lsurgisonju@is.gd,Male
716,Reider,Cano,rcanojv@free.fr,Male
717,Charlot,Kershaw,ckershawjw@scribd.com,Female
718,Odette,Wakelin,owakelinjx@paypal.com,Female
719,Adair,Colyer,acolyerjy@xinhuanet.com,Male
720,Glenna,Ferrolli,gferrollijz@bing.com,Agender
721,Dorene,Monelli,dmonellik0@icio.us,Female
722,Currie,Tantrum,ctantrumk1@nifty.com,Male
723,Kassie,McEwen,kmcewenk2@ft.com,Agender
724,Gardie,Gower,ggowerk3@miitbeian.gov.cn,Male
725,Kessia,Biddy,kbiddyk4@jigsy.com,Female
726,Jacky,Swindin,jswindink5@intel.com,Female
727,Tybalt,Guise,tguisek6@upenn.edu,Male
728,Ada,Brookzie,abrookziek7@google.de,Female
729,Hedda,Riccardini,hriccardinik8@si.edu,Genderfluid
730,Rodrique,Longrigg,rlongriggk9@icq.com,Male
731,Horace,MacPaden,hmacpadenka@utexas.edu,Male
732,Pietra,Muldowney,pmuldowneykb@weibo.com,Female
733,Aleen,Almon,aalmonkc@godaddy.com,Female
734,Fulton,Dufton,fduftonkd@independent.co.uk,Male
735,Christoper,Winham,cwinhamke@google.com,Male
736,Elenore,Brocklehurst,ebrocklehurstkf@skype.com,Female
737,Muire,Head,mheadkg@sciencedirect.com,Female
738,Suzi,Megahey,smegaheykh@jalbum.net,Female
739,Vernor,Beauman,vbeaumanki@topsy.com,Male
740,Bibi,McPhilip,bmcphilipkj@moonfruit.com,Female
741,Arabela,Dybell,adybellkk@ed.gov,Female
742,Tedd,Humble,thumblekl@multiply.com,Male
743,Corilla,Dench,cdenchkm@php.net,Non-binary
744,Hartwell,Ecob,hecobkn@twitpic.com,Male
745,Griffin,Broomfield,gbroomfieldko@feedburner.com,Male
746,Nadia,Sinson,nsinsonkp@bizjournals.com,Genderfluid
747,Lucinda,Gerler,lgerlerkq@discuz.net,Polygender
748,Gracie,Stoddard,gstoddardkr@delicious.com,Bigender
749,Tobey,Augustin,taugustinks@webs.com,Female
750,Lorene,Dayes,ldayeskt@joomla.org,Female
751,Candace,Limming,climmingku@4shared.com,Female
752,Vivie,Astman,vastmankv@storify.com,Female
753,Rutledge,O'Scollain,roscollainkw@g.co,Genderqueer
754,Kelsey,Walewicz,kwalewiczkx@clickbank.net,Male
755,Findley,Clapson,fclapsonky@paypal.com,Male
756,Halsey,Haistwell,hhaistwellkz@i2i.jp,Male
757,Hyacinthe,Cornils,hcornilsl0@narod.ru,Female
758,Trisha,Grigorkin,tgrigorkinl1@purevolume.com,Female
759,Sylvester,Issac,sissacl2@patch.com,Male
760,Padgett,Dielhenn,pdielhennl3@dell.com,Male
761,Crystie,Boldock,cboldockl4@macromedia.com,Female
762,Ky,Abramovici,kabramovicil5@go.com,Male
763,Mallory,Gerram,mgerraml6@indiegogo.com,Female
764,Nicolis,Tassel,ntassell7@amazon.co.uk,Male
765,Dusty,Folshom,dfolshoml8@ifeng.com,Female
766,Arman,Watt,awattl9@barnesandnoble.com,Male
767,Saundra,Caisley,scaisleyla@cbc.ca,Female
768,Belicia,Rippingall,brippingalllb@newsvine.com,Genderqueer
769,Krystyna,Garett,kgarettlc@sogou.com,Female
770,Bride,Santon,bsantonld@sohu.com,Female
771,Rainer,Brea,rbreale@1688.com,Male
772,Mina,Huie,mhuielf@bing.com,Female
773,Blancha,McQuorkel,bmcquorkellg@4shared.com,Polygender
774,Claudian,Beddie,cbeddielh@icio.us,Male
775,Lilla,Katte,lkatteli@amazon.co.jp,Female
776,Dud,Barnson,dbarnsonlj@youtu.be,Male
777,Sherry,Burtonshaw,sburtonshawlk@techcrunch.com,Female
778,Valery,Hebden,vhebdenll@sina.com.cn,Non-binary
779,Quinta,Giblin,qgiblinlm@redcross.org,Female
780,Joscelin,Siemon,jsiemonln@discovery.com,Female
781,Gregor,Arundell,garundelllo@japanpost.jp,Male
782,Sibley,Eccleston,secclestonlp@nature.com,Female
783,Briny,Rand,brandlq@baidu.com,Female
784,Alfy,Tarpey,atarpeylr@earthlink.net,Female
785,Rasia,Rowlands,rrowlandsls@t.co,Female
786,Linn,Crimes,lcrimeslt@privacy.gov.au,Genderqueer
787,Lalo,Sell,lselllu@uiuc.edu,Male
788,Annis,Guillou,aguilloulv@answers.com,Genderfluid
789,Horst,Bushrod,hbushrodlw@canalblog.com,Male
790,Tadio,Jorgensen,tjorgensenlx@mapquest.com,Male
791,Hall,Brinklow,hbrinklowly@ow.ly,Male
792,Costanza,Davies,cdavieslz@friendfeed.com,Female
793,Desdemona,Cornock,dcornockm0@nasa.gov,Female
794,Jordan,Wolledge,jwolledgem1@yahoo.co.jp,Female
795,Fiorenze,Dewsbury,fdewsburym2@networksolutions.com,Female
796,Jermayne,Shallcross,jshallcrossm3@aboutads.info,Male
797,Andreana,Bartoleyn,abartoleynm4@forbes.com,Female
798,Alon,Conrard,aconrardm5@hexun.com,Male
799,Brant,Grieger,bgriegerm6@accuweather.com,Male
800,Myrwyn,Downgate,mdowngatem7@taobao.com,Male
801,Alisha,Satterlee,asatterleem8@barnesandnoble.com,Female
802,Margarette,Enoch,menochm9@last.fm,Female
803,Alic,Hailes,ahailesma@blogs.com,Male
804,Raf,Imloch,rimlochmb@vinaora.com,Female
805,Gennifer,Rilton,griltonmc@typepad.com,Female
806,Charline,McGlone,cmcglonemd@slideshare.net,Female
807,Karim,Krimmer,kkrimmerme@people.com.cn,Male
808,Jacquenetta,Threlfall,jthrelfallmf@angelfire.com,Female
809,Alejandra,Bezant,abezantmg@netvibes.com,Female
810,Bridie,Dall,bdallmh@unicef.org,Female
811,Agnese,Whiteside,awhitesidemi@so-net.ne.jp,Female
812,Mattie,Kilpatrick,mkilpatrickmj@hc360.com,Male
813,Rube,Copello,rcopellomk@blog.com,Male
814,Putnam,Kettlestringes,pkettlestringesml@indiegogo.com,Male
815,Kenon,Dimond,kdimondmm@ebay.com,Male
816,Hyman,Itzcak,hitzcakmn@ted.com,Male
817,Rina,Chatelot,rchatelotmo@ted.com,Female
818,Terry,Calleja,tcallejamp@mozilla.com,Male
819,Michaella,Espinola,mespinolamq@va.gov,Female
820,Marcela,Driussi,mdriussimr@state.tx.us,Bigender
821,Leonhard,Grunbaum,lgrunbaumms@smugmug.com,Male
822,Clea,Dubery,cduberymt@indiegogo.com,Female
823,Hall,Biermatowicz,hbiermatowiczmu@dot.gov,Genderfluid
824,Jamison,Levesley,jlevesleymv@dell.com,Male
825,Fayette,Blunden,fblundenmw@woothemes.com,Female
826,Tammie,Kesten,tkestenmx@dot.gov,Male
827,Duffie,Jerrome,djerromemy@ehow.com,Male
828,Hedi,Ashmore,hashmoremz@uiuc.edu,Female
829,Nigel,Rohloff,nrohloffn0@gmpg.org,Polygender
830,Hurley,Iffe,hiffen1@hexun.com,Male
831,Allyce,Dyett,adyettn2@artisteer.com,Female
832,Arielle,Studart,astudartn3@shinystat.com,Female
833,Palmer,Gouth,pgouthn4@usgs.gov,Male
834,Derrek,Montilla,dmontillan5@tiny.cc,Male
835,Hughie,Trowel,htroweln6@eventbrite.com,Male
836,Marleen,Metterick,mmetterickn7@bizjournals.com,Female
837,Harold,Aucutt,haucuttn8@mit.edu,Male
838,Letizia,Matusovsky,lmatusovskyn9@washingtonpost.com,Female
839,Adriane,Spurden,aspurdenna@hibu.com,Female
840,Alleyn,Farlow,afarlownb@cbsnews.com,Male
841,Tomi,Moyler,tmoylernc@kickstarter.com,Female
842,Roxie,Gonnely,rgonnelynd@prweb.com,Female
843,Larissa,Leggis,lleggisne@engadget.com,Female
844,Alysia,Lassen,alassennf@chronoengine.com,Female
845,Price,Gasker,pgaskerng@elegantthemes.com,Male
846,Hansiain,Crisford,hcrisfordnh@quantcast.com,Male
847,Meris,O'Kane,mokaneni@sciencedaily.com,Female
848,Collete,Oliva,colivanj@wikispaces.com,Female
849,Loydie,Meade,lmeadenk@usda.gov,Male
850,Geoffrey,Emlin,gemlinnl@ameblo.jp,Male
851,Skelly,Jeffels,sjeffelsnm@dot.gov,Male
852,Monroe,Wehner,mwehnernn@google.fr,Male
853,Frazer,Lassell,flassellno@fotki.com,Male
854,Quinton,Reek,qreeknp@archive.org,Male
855,Venus,Bikker,vbikkernq@bbb.org,Female
856,Olga,Rappoport,orappoportnr@independent.co.uk,Female
857,Gwenny,Maudson,gmaudsonns@twitter.com,Female
858,Isidro,Ollcott,iollcottnt@gizmodo.com,Male
859,Alina,Savine,asavinenu@prnewswire.com,Female
860,Bell,Maleham,bmalehamnv@indiegogo.com,Female
861,Ambrosio,Golly,agollynw@salon.com,Male
862,Shirl,Wass,swassnx@google.it,Female
863,Virgilio,Potten,vpottenny@statcounter.com,Male
864,Aurelie,Dedney,adedneynz@businesswire.com,Female
865,Dietrich,Bachelor,dbacheloro0@nyu.edu,Male
866,Gloria,Lesurf,glesurfo1@weibo.com,Female
867,Sigmund,Littlepage,slittlepageo2@altervista.org,Male
868,Alikee,Crabtree,acrabtreeo3@nih.gov,Female
869,Yetta,Whittle,ywhittleo4@indiegogo.com,Female
870,Rem,Chastney,rchastneyo5@over-blog.com,Male
871,Elisha,Spier,espiero6@miibeian.gov.cn,Female
872,Ronald,Garvill,rgarvillo7@cbsnews.com,Bigender
873,Gale,Freddi,gfreddio8@hubpages.com,Female
874,Nelle,Larway,nlarwayo9@indiatimes.com,Female
875,Jasmin,Boater,jboateroa@yahoo.com,Female
876,Raff,Adamides,radamidesob@infoseek.co.jp,Male
877,Lianna,Davidou,ldavidouoc@baidu.com,Female
878,Lorelle,Pinel,lpinelod@fastcompany.com,Female
879,Ennis,Chaperlin,echaperlinoe@scribd.com,Male
880,Garrot,O'Neal,gonealof@engadget.com,Male
881,Noe,Treace,ntreaceog@forbes.com,Genderqueer
882,Adolphe,Girvan,agirvanoh@google.nl,Male
883,Sandi,Dearnly,sdearnlyoi@rediff.com,Female
884,Benoite,Giacobazzi,bgiacobazzioj@e-recht24.de,Female
885,Idelle,Dodge,idodgeok@ca.gov,Female
886,Bev,Halloran,bhalloranol@rediff.com,Male
887,Arel,Bassano,abassanoom@yellowpages.com,Male
888,Sam,Dunabie,sdunabieon@booking.com,Male
889,Haskell,Brattell,hbrattelloo@4shared.com,Male
890,Catlin,Joret,cjoretop@china.com.cn,Female
891,Bendix,Guesford,bguesfordoq@cnbc.com,Male
892,Rebekah,Covotti,rcovottior@jimdo.com,Female
893,Hedvige,Syphus,hsyphusos@pagesperso-orange.fr,Female
894,Jard,O' Donohue,jodonohueot@elpais.com,Male
895,Padriac,Pimlock,ppimlockou@github.io,Male
896,Mildrid,Culkin,mculkinov@miitbeian.gov.cn,Female
897,Hatty,Allum,hallumow@imdb.com,Female
898,Jorge,Whatman,jwhatmanox@parallels.com,Male
899,Tandi,Fogt,tfogtoy@alibaba.com,Female
900,Bethena,Byrkmyr,bbyrkmyroz@51.la,Female
901,Orren,Dreakin,odreakinp0@zdnet.com,Male
902,Norry,Gosalvez,ngosalvezp1@pcworld.com,Female
903,Joshuah,De La Hay,jdelahayp2@tiny.cc,Male
904,Holly,Blease,hbleasep3@sciencedirect.com,Male
905,Kala,Wateridge,kwateridgep4@upenn.edu,Female
906,Ceil,Schustl,cschustlp5@latimes.com,Female
907,Loria,Clack,lclackp6@arizona.edu,Female
908,Arvin,Belchamber,abelchamberp7@artisteer.com,Male
909,Cynthy,Kenwright,ckenwrightp8@soup.io,Female
910,Fairleigh,Stileman,fstilemanp9@wix.com,Male
911,Dawna,Pigdon,dpigdonpa@flickr.com,Female
912,Reinwald,Dannehl,rdannehlpb@ox.ac.uk,Male
913,Erl,Bowser,ebowserpc@dell.com,Male
914,Richy,Chasmar,rchasmarpd@columbia.edu,Male
915,Sallee,Jeans,sjeanspe@cocolog-nifty.com,Female
916,Ophelie,Rawlison,orawlisonpf@independent.co.uk,Female
917,Roxana,Laxen,rlaxenpg@imgur.com,Female
918,August,Bamsey,abamseyph@over-blog.com,Male
919,Casi,Rhule,crhulepi@typepad.com,Female
920,Kahaleel,Foxcroft,kfoxcroftpj@cafepress.com,Male
921,Lenard,Sines,lsinespk@pinterest.com,Male
922,Raven,Gioani,rgioanipl@paginegialle.it,Female
923,Emmey,Arran,earranpm@theatlantic.com,Female
924,Davon,Warbys,dwarbyspn@php.net,Male
925,Haroun,Shaefer,hshaeferpo@dion.ne.jp,Genderqueer
926,Karrie,Dumphry,kdumphrypp@nih.gov,Female
927,Bernardine,Sawdy,bsawdypq@php.net,Female
928,Tailor,Dimmack,tdimmackpr@oaic.gov.au,Male
929,William,Estable,westableps@networkadvertising.org,Male
930,Kendell,Annable,kannablept@istockphoto.com,Male
931,Zsazsa,McGuiness,zmcguinesspu@nih.gov,Genderfluid
932,Goldie,Grass,ggrasspv@is.gd,Female
933,Stephan,Brient,sbrientpw@desdev.cn,Male
934,Edith,Stubbs,estubbspx@about.com,Female
935,Courtnay,Aiskovitch,caiskovitchpy@usgs.gov,Female
936,Etta,Shillitoe,eshillitoepz@oaic.gov.au,Female
937,Astrid,Gouldie,agouldieq0@pcworld.com,Female
938,Georgie,Ditchett,gditchettq1@mail.ru,Male
939,Coreen,Heap,cheapq2@amazon.co.jp,Female
940,Winni,Saffer,wsafferq3@whitehouse.gov,Female
941,Jesse,Itzkin,jitzkinq4@about.com,Male
942,Che,Tryhorn,ctryhornq5@google.com.hk,Non-binary
943,Deb,Cresser,dcresserq6@google.ca,Non-binary
944,Killie,Middell,kmiddellq7@mozilla.org,Male
945,Kathe,Coupar,kcouparq8@sciencedaily.com,Genderqueer
946,Jason,Lorkings,jlorkingsq9@nasa.gov,Male
947,Joceline,Gristhwaite,jgristhwaiteqa@usda.gov,Female
948,Ailsun,Bolzen,abolzenqb@rakuten.co.jp,Female
949,Ave,MacArdle,amacardleqc@usda.gov,Male
950,Allyce,Keenan,akeenanqd@oracle.com,Female
951,Sidonia,Curman,scurmanqe@addthis.com,Female
952,Jasun,Martygin,jmartyginqf@amazon.co.uk,Male
953,Chrissy,Cottee,ccotteeqg@histats.com,Male
954,Arabel,Itscowics,aitscowicsqh@biblegateway.com,Female
955,Michelina,Strelitz,mstrelitzqi@sina.com.cn,Female
956,Elvera,Piell,epiellqj@umn.edu,Female
957,Karry,Chatres,kchatresqk@washingtonpost.com,Female
958,Cass,Hutchinson,chutchinsonql@51.la,Female
959,Cornall,Di Giorgio,cdigiorgioqm@networkadvertising.org,Non-binary
960,Jacenta,Ninnis,jninnisqn@unicef.org,Bigender
961,Ashien,Boch,abochqo@slideshare.net,Female
962,Zoe,Hoonahan,zhoonahanqp@odnoklassniki.ru,Female
963,Derrek,Theobald,dtheobaldqq@ft.com,Male
964,Maiga,Bodill,mbodillqr@instagram.com,Female
965,Wakefield,Ferras,wferrasqs@mail.ru,Male
966,Meyer,Montez,mmontezqt@google.com.br,Male
967,Woodie,Brian,wbrianqu@so-net.ne.jp,Male
968,Say,McCritchie,smccritchieqv@technorati.com,Male
969,Jillayne,Gianullo,jgianulloqw@census.gov,Female
970,Alair,Candey,acandeyqx@privacy.gov.au,Genderqueer
971,Osmond,Fealty,ofealtyqy@intel.com,Male
972,Robby,Luesley,rluesleyqz@vk.com,Female
973,Sheffield,Blazynski,sblazynskir0@latimes.com,Male
974,Morgan,Cunnah,mcunnahr1@spiegel.de,Female
975,Molli,Wait,mwaitr2@moonfruit.com,Female
976,Caz,Greest,cgreestr3@mac.com,Male
977,Nickola,Fulger,nfulgerr4@4shared.com,Male
978,Wallis,Chitty,wchittyr5@amazon.co.jp,Genderqueer
979,Terencio,Yitzhakof,tyitzhakofr6@yellowpages.com,Male
980,Vivyan,Chazette,vchazetter7@disqus.com,Female
981,Leigh,Sandes,lsandesr8@devhub.com,Male
982,Jorge,Bowton,jbowtonr9@freewebs.com,Male
983,Tab,Beresfore,tberesforera@skype.com,Male
984,Fanchon,Fellon,ffellonrb@networksolutions.com,Female
985,Harper,Ingleton,hingletonrc@jugem.jp,Male
986,Caren,Ennals,cennalsrd@w3.org,Female
987,Sven,Chessor,schessorre@nasa.gov,Male
988,Carolina,Gobel,cgobelrf@edublogs.org,Female
989,Lewie,Brito,lbritorg@theatlantic.com,Male
990,Ronda,Maffi,rmaffirh@nih.gov,Female
991,Tori,Hause,thauseri@arstechnica.com,Female
992,Lauree,Jaume,ljaumerj@delicious.com,Agender
993,Jordana,Clarycott,jclarycottrk@nsw.gov.au,Female
994,Estella,Klimashevich,eklimashevichrl@gov.uk,Female
995,Alanna,Hanhart,ahanhartrm@princeton.edu,Female
996,Wilmer,Taggert,wtaggertrn@adobe.com,Male
997,Mariya,Hollingsbee,mhollingsbeero@bandcamp.com,Female
998,Krysta,Eilles,keillesrp@hud.gov,Female
999,Cornelius,Lowres,clowresrq@upenn.edu,Male
1000,Ardene,Adey,aadeyrr@seesaa.net,Female
